subject,session
sub-B10081264,ses-01
sub-B10102783,ses-01
sub-B10108368,ses-01
sub-B10117310,ses-01
sub-B10350512,ses-01
sub-B10423472,ses-01
sub-B10656630,ses-01
sub-B10693248,ses-01
sub-B10709603,ses-01
sub-B10795731,ses-01
sub-B10820624,ses-01
sub-B10892860,ses-01
sub-B10904689,ses-01
sub-B10973495,ses-01
sub-B11089276,ses-01
sub-B11180690,ses-01
sub-B11217281,ses-01
sub-B11238033,ses-01
sub-B11343379,ses-01
sub-B11561841,ses-01
sub-B11649219,ses-01
sub-B11678939,ses-01
sub-B11687376,ses-01
sub-B11714080,ses-01
sub-B11799473,ses-01
sub-B11908569,ses-01
sub-B11910022,ses-01
sub-B11930260,ses-01
sub-B11934670,ses-01
sub-B12102791,ses-01
sub-B12164551,ses-01
sub-B12416096,ses-01
sub-B12573901,ses-01
sub-B12659422,ses-01
sub-B12675301,ses-01
sub-B12689518,ses-01
sub-B12755986,ses-01
sub-B12921969,ses-01
sub-B12974065,ses-01
sub-B13066573,ses-01
sub-B13271708,ses-01
sub-B13376106,ses-01
sub-B13400950,ses-01
sub-B13497530,ses-01
sub-B13588844,ses-01
sub-B13634957,ses-01
sub-B13887033,ses-01
sub-B14030825,ses-01
sub-B14055284,ses-01
sub-B14131196,ses-01
sub-B14361112,ses-01
sub-B14479344,ses-01
sub-B14522375,ses-01
sub-B14528245,ses-01
sub-B14752547,ses-01
sub-B14910579,ses-01
sub-B14962650,ses-01
sub-B15117349,ses-01
sub-B15342906,ses-01
sub-B15409307,ses-01
sub-B15429001,ses-01
sub-B15457728,ses-01
sub-B15464993,ses-01
sub-B15516982,ses-01
sub-B15585146,ses-01
sub-B15589709,ses-01
sub-B15840249,ses-01
sub-B15916970,ses-01
sub-B16029998,ses-01
sub-B16052018,ses-01
sub-B16058809,ses-01
sub-B16132017,ses-01
sub-B16177117,ses-01
sub-B16180866,ses-01
sub-B16351784,ses-01
sub-B16379547,ses-01
sub-B16516936,ses-01
sub-B16557853,ses-01
sub-B16817166,ses-01
sub-B16925370,ses-01
sub-B16944087,ses-01
sub-B17148421,ses-01
sub-B17183859,ses-01
sub-B17297203,ses-01
sub-B17303570,ses-01
sub-B17333794,ses-01
sub-B17371209,ses-01
sub-B17397511,ses-01
sub-B17554366,ses-01
sub-B17654263,ses-01
sub-B17821255,ses-01
sub-B17897488,ses-01
sub-B17946715,ses-01
sub-B17969578,ses-01
sub-B18036407,ses-01
sub-B18042045,ses-01
sub-B18059441,ses-01
sub-B18119603,ses-01
sub-B18130347,ses-01
sub-B18267662,ses-01
sub-B18300090,ses-01
sub-B18323966,ses-01
sub-B18349675,ses-01
sub-B18511167,ses-01
sub-B18577798,ses-01
sub-B18599891,ses-01
sub-B18613471,ses-01
sub-B18637143,ses-01
sub-B18693882,ses-01
sub-B18734028,ses-01
sub-B18776825,ses-01
sub-B18812718,ses-01
sub-B18815024,ses-01
sub-B18872629,ses-01
sub-B18923991,ses-01
sub-B18964625,ses-01
sub-B19124904,ses-01
sub-B19132670,ses-01
sub-B19183712,ses-01
sub-B19233193,ses-01
sub-B19263991,ses-01
sub-B19442124,ses-01
sub-B19458654,ses-01
sub-B19696555,ses-01
sub-B19838795,ses-01
sub-B19918283,ses-01
sub-B20058961,ses-01
sub-B20225729,ses-01
sub-B20265217,ses-01
sub-B20380305,ses-01
sub-B20549607,ses-01
sub-B20554672,ses-01
sub-B20615169,ses-01
sub-B20962603,ses-01
sub-B20987109,ses-01
sub-B21142573,ses-01
sub-B21278707,ses-01
sub-B21312894,ses-01
sub-B21318736,ses-01
sub-B21505562,ses-01
sub-B21602011,ses-01
sub-B21688422,ses-01
sub-B21710162,ses-01
sub-B21739094,ses-01
sub-B21775207,ses-01
sub-B21775806,ses-01
sub-B21864744,ses-01
sub-B21871486,ses-01
sub-B21881996,ses-01
sub-B21951414,ses-01
sub-B21959972,ses-01
sub-B21995640,ses-01
sub-B22066243,ses-01
sub-B22111388,ses-01
sub-B22134275,ses-01
sub-B22307786,ses-01
sub-B22359687,ses-01
sub-B22404074,ses-01
sub-B22414325,ses-01
sub-B22508775,ses-01
sub-B22518678,ses-01
sub-B22625566,ses-01
sub-B22658811,ses-01
sub-B22743435,ses-01
sub-B22745302,ses-01
sub-B22796410,ses-01
sub-B22805818,ses-01
sub-B22903503,ses-01
sub-B23093350,ses-01
sub-B23349985,ses-01
sub-B23678439,ses-01
sub-B23724168,ses-01
sub-B23900646,ses-01
sub-B24086937,ses-01
sub-B24121460,ses-01
sub-B24291350,ses-01
sub-B24337690,ses-01
sub-B24489739,ses-01
sub-B24629192,ses-01
sub-B24787357,ses-01
sub-B24887869,ses-01
sub-B24902355,ses-01
sub-B24955379,ses-01
sub-B25143440,ses-01
sub-B25368274,ses-01
sub-B25535528,ses-01
sub-B25593255,ses-01
sub-B25730522,ses-01
sub-B25787492,ses-01
sub-B26035896,ses-01
sub-B26058880,ses-01
sub-B26083350,ses-01
sub-B26580668,ses-01
sub-B26610817,ses-01
sub-B26753436,ses-01
sub-B26762004,ses-01
sub-B27014972,ses-01
sub-B27019662,ses-01
sub-B27161065,ses-01
sub-B27217773,ses-01
sub-B27223063,ses-01
sub-B27286270,ses-01
sub-B27344144,ses-01
sub-B27392515,ses-01
sub-B27445980,ses-01
sub-B27446044,ses-01
sub-B27460429,ses-01
sub-B27577810,ses-01
sub-B27676954,ses-01
sub-B27693268,ses-01
sub-B27696030,ses-01
sub-B27793364,ses-01
sub-B27936496,ses-01
sub-B27981718,ses-01
sub-B27985212,ses-01
sub-B28015130,ses-01
sub-B28078777,ses-01
sub-B28194256,ses-01
sub-B28236930,ses-01
sub-B28264217,ses-01
sub-B28449108,ses-01
sub-B28636048,ses-01
sub-B28777488,ses-01
sub-B28849754,ses-01
sub-B28967145,ses-01
sub-B29076787,ses-01
sub-B29078338,ses-01
sub-B29250536,ses-01
sub-B29273925,ses-01
sub-B29387613,ses-01
sub-B29614158,ses-01
sub-B29753125,ses-01
sub-B29833772,ses-01
sub-B29899196,ses-01
sub-B30090149,ses-01
sub-B30242622,ses-01
sub-B30470679,ses-01
sub-B30556409,ses-01
sub-B30562854,ses-01
sub-B30585671,ses-01
sub-B30596239,ses-01
sub-B30683822,ses-01
sub-B30859698,ses-01
sub-B30862893,ses-01
sub-B30904648,ses-01
sub-B31016622,ses-01
sub-B31095727,ses-01
sub-B31455089,ses-01
sub-B31740727,ses-01
sub-B31750818,ses-01
sub-B31938508,ses-01
sub-B32057909,ses-01
sub-B32059094,ses-01
sub-B32069825,ses-01
sub-B32073477,ses-01
sub-B32186247,ses-01
sub-B32299391,ses-01
sub-B32324423,ses-01
sub-B32326973,ses-01
sub-B32377500,ses-01
sub-B32380251,ses-01
sub-B32609356,ses-01
sub-B32817812,ses-01
sub-B32868473,ses-01
sub-B32880198,ses-01
sub-B32894856,ses-01
sub-B32915565,ses-01
sub-B32943501,ses-01
sub-B32963167,ses-01
sub-B33148354,ses-01
sub-B33202230,ses-01
sub-B33215971,ses-01
sub-B33216606,ses-01
sub-B33368160,ses-01
sub-B33381789,ses-01
sub-B33510322,ses-01
sub-B33578399,ses-01
sub-B33637871,ses-01
sub-B33702487,ses-01
sub-B33820404,ses-01
sub-B33976385,ses-01
sub-B34013501,ses-01
sub-B34026525,ses-01
sub-B34123477,ses-01
sub-B34212346,ses-01
sub-B34298250,ses-01
sub-B34307730,ses-01
sub-B34311773,ses-01
sub-B34436267,ses-01
sub-B34536125,ses-01
sub-B34545043,ses-01
sub-B34569102,ses-01
sub-B34595396,ses-01
sub-B34644597,ses-01
sub-B34660963,ses-01
sub-B34662142,ses-01
sub-B34710358,ses-01
sub-B34729472,ses-01
sub-B34764547,ses-01
sub-B34803649,ses-01
sub-B34928602,ses-01
sub-B34957268,ses-01
sub-B35005096,ses-01
sub-B35110290,ses-01
sub-B35176645,ses-01
sub-B35226490,ses-01
sub-B35245410,ses-01
sub-B35350461,ses-01
sub-B35355901,ses-01
sub-B35413601,ses-01
sub-B35552114,ses-01
sub-B35607460,ses-01
sub-B35636920,ses-01
sub-B35642071,ses-01
sub-B35732045,ses-01
sub-B35753314,ses-01
sub-B35777262,ses-01
sub-B35832977,ses-01
sub-B35952795,ses-01
sub-B35964612,ses-01
sub-B36057088,ses-01
sub-B36092514,ses-01
sub-B36117057,ses-01
sub-B36284292,ses-01
sub-B36392895,ses-01
sub-B36411567,ses-01
sub-B36419989,ses-01
sub-B36578792,ses-01
sub-B36993592,ses-01
sub-B37050992,ses-01
sub-B37084873,ses-01
sub-B37190120,ses-01
sub-B37234681,ses-01
sub-B37283468,ses-01
sub-B37402867,ses-01
sub-B37433191,ses-01
sub-B37737601,ses-01
sub-B37818540,ses-01
sub-B37829126,ses-01
sub-B37847715,ses-01
sub-B37857632,ses-01
sub-B38014456,ses-01
sub-B38047958,ses-01
sub-B38082327,ses-01
sub-B38217908,ses-01
sub-B38266025,ses-01
sub-B38271577,ses-01
sub-B38495916,ses-01
sub-B38599750,ses-01
sub-B38613273,ses-01
sub-B38680211,ses-01
sub-B38825169,ses-01
sub-B38881515,ses-01
sub-B39006331,ses-01
sub-B39215946,ses-01
sub-B39331200,ses-01
sub-B39332810,ses-01
sub-B39604436,ses-01
sub-B39629855,ses-01
sub-B39633346,ses-01
sub-B39638520,ses-01
sub-B39674555,ses-01
sub-B39685809,ses-01
sub-B39692467,ses-01
sub-B39746768,ses-01
sub-B39768229,ses-01
sub-B39768728,ses-01
sub-B39787094,ses-01
sub-B39951895,ses-01
sub-B40058298,ses-01
sub-B40134966,ses-01
sub-B40303740,ses-01
sub-B40470523,ses-01
sub-B40537488,ses-01
sub-B40628904,ses-01
sub-B40653047,ses-01
sub-B40749307,ses-01
sub-B40970895,ses-01
sub-B41061393,ses-01
sub-B41205825,ses-01
sub-B41364446,ses-01
sub-B41609893,ses-01
sub-B41658774,ses-01
sub-B41679364,ses-01
sub-B41699207,ses-01
sub-B41838744,ses-01
sub-B42074365,ses-01
sub-B42120973,ses-01
sub-B42198167,ses-01
sub-B42439180,ses-01
sub-B42461952,ses-01
sub-B42510740,ses-01
sub-B42605332,ses-01
sub-B42630830,ses-01
sub-B42639461,ses-01
sub-B42650590,ses-01
sub-B42819463,ses-01
sub-B42907021,ses-01
sub-B42942860,ses-01
sub-B43159177,ses-01
sub-B43310724,ses-01
sub-B43323291,ses-01
sub-B43510222,ses-01
sub-B43510377,ses-01
sub-B43561240,ses-01
sub-B43649532,ses-01
sub-B43794928,ses-01
sub-B43819261,ses-01
sub-B43983502,ses-01
sub-B44050191,ses-01
sub-B44171842,ses-01
sub-B44218814,ses-01
sub-B44299763,ses-01
sub-B44306301,ses-01
sub-B44362960,ses-01
sub-B44564201,ses-01
sub-B44795088,ses-01
sub-B44842566,ses-01
sub-B45040151,ses-01
sub-B45079029,ses-01
sub-B45173464,ses-01
sub-B45245974,ses-01
sub-B45504016,ses-01
sub-B45524671,ses-01
sub-B45773962,ses-01
sub-B45941697,ses-01
sub-B46048095,ses-01
sub-B46163069,ses-01
sub-B46190747,ses-01
sub-B46212689,ses-01
sub-B46369186,ses-01
sub-B46419227,ses-01
sub-B46441514,ses-01
sub-B46467119,ses-01
sub-B46471279,ses-01
sub-B46496367,ses-01
sub-B46529914,ses-01
sub-B46631984,ses-01
sub-B46716464,ses-01
sub-B46724335,ses-01
sub-B46880175,ses-01
sub-B46918356,ses-01
sub-B47009500,ses-01
sub-B47099465,ses-01
sub-B47270270,ses-01
sub-B47366847,ses-01
sub-B47481216,ses-01
sub-B47527421,ses-01
sub-B47714973,ses-01
sub-B47729303,ses-01
sub-B47744764,ses-01
sub-B47764275,ses-01
sub-B48005743,ses-01
sub-B48143678,ses-01
sub-B48238374,ses-01
sub-B48316390,ses-01
sub-B48341029,ses-01
sub-B48357967,ses-01
sub-B48367099,ses-01
sub-B48505435,ses-01
sub-B48585090,ses-01
sub-B48607602,ses-01
sub-B48647862,ses-01
sub-B48869834,ses-01
sub-B48877807,ses-01
sub-B48899256,ses-01
sub-B48922607,ses-01
sub-B49144285,ses-01
sub-B49156238,ses-01
sub-B49168350,ses-01
sub-B49316064,ses-01
sub-B49338544,ses-01
sub-B49364344,ses-01
sub-B49520331,ses-01
sub-B49627608,ses-01
sub-B49650659,ses-01
sub-B49802486,ses-01
sub-B49940688,ses-01
sub-B50101010,ses-01
sub-B50104687,ses-01
sub-B50307752,ses-01
sub-B50362450,ses-01
sub-B50394714,ses-01
sub-B50434036,ses-01
sub-B50519259,ses-01
sub-B50594723,ses-01
sub-B50601165,ses-01
sub-B50622091,ses-01
sub-B50631753,ses-01
sub-B50695178,ses-01
sub-B50767418,ses-01
sub-B50871007,ses-01
sub-B50926116,ses-01
sub-B51065023,ses-01
sub-B51068887,ses-01
sub-B51095618,ses-01
sub-B51169116,ses-01
sub-B51341369,ses-01
sub-B51427575,ses-01
sub-B51609093,ses-01
sub-B51630901,ses-01
sub-B51666023,ses-01
sub-B51677044,ses-01
sub-B51694349,ses-01
sub-B51767900,ses-01
sub-B51909164,ses-01
sub-B51962236,ses-01
sub-B51990756,ses-01
sub-B52034908,ses-01
sub-B52227761,ses-01
sub-B52433978,ses-01
sub-B52513297,ses-01
sub-B52554131,ses-01
sub-B52590035,ses-01
sub-B52667748,ses-01
sub-B52724192,ses-01
sub-B53006995,ses-01
sub-B53076705,ses-01
sub-B53089802,ses-01
sub-B53114420,ses-01
sub-B53134228,ses-01
sub-B53141628,ses-01
sub-B53196133,ses-01
sub-B53279213,ses-01
sub-B53377057,ses-01
sub-B53425645,ses-01
sub-B53514093,ses-01
sub-B53884664,ses-01
sub-B53901902,ses-01
sub-B53901939,ses-01
sub-B53998260,ses-01
sub-B54011715,ses-01
sub-B54024292,ses-01
sub-B54052625,ses-01
sub-B54116141,ses-01
sub-B54158535,ses-01
sub-B54248011,ses-01
sub-B54527454,ses-01
sub-B54580067,ses-01
sub-B54586186,ses-01
sub-B54667570,ses-01
sub-B54766663,ses-01
sub-B54898401,ses-01
sub-B55166092,ses-01
sub-B55179434,ses-01
sub-B55316381,ses-01
sub-B55440446,ses-01
sub-B55454269,ses-01
sub-B55493963,ses-01
sub-B55669372,ses-01
sub-B55852373,ses-01
sub-B55938508,ses-01
sub-B56130479,ses-01
sub-B56130936,ses-01
sub-B56216800,ses-01
sub-B56235551,ses-01
sub-B56510951,ses-01
sub-B56589596,ses-01
sub-B56617666,ses-01
sub-B56618280,ses-01
sub-B56781858,ses-01
sub-B56803560,ses-01
sub-B56837701,ses-01
sub-B57039456,ses-01
sub-B57296708,ses-01
sub-B57376075,ses-01
sub-B57429323,ses-01
sub-B57588315,ses-01
sub-B57781834,ses-01
sub-B57809958,ses-01
sub-B57860651,ses-01
sub-B57954272,ses-01
sub-B57991400,ses-01
sub-B58000790,ses-01
sub-B58037834,ses-01
sub-B58056080,ses-01
sub-B58091444,ses-01
sub-B58107987,ses-01
sub-B58123676,ses-01
sub-B58129316,ses-01
sub-B58207644,ses-01
sub-B58277952,ses-01
sub-B58429155,ses-01
sub-B58613443,ses-01
sub-B58669741,ses-01
sub-B58716911,ses-01
sub-B58787954,ses-01
sub-B58793105,ses-01
sub-B58846453,ses-01
sub-B58886485,ses-01
sub-B58925173,ses-01
sub-B58928591,ses-01
sub-B59017818,ses-01
sub-B59057871,ses-01
sub-B59082338,ses-01
sub-B59173308,ses-01
sub-B59218340,ses-01
sub-B59236340,ses-01
sub-B59357538,ses-01
sub-B59475852,ses-01
sub-B59653622,ses-01
sub-B59737750,ses-01
sub-B59753799,ses-01
sub-B59756546,ses-01
sub-B59784979,ses-01
sub-B59928554,ses-01
sub-B60182380,ses-01
sub-B60198076,ses-01
sub-B60285123,ses-01
sub-B60306108,ses-01
sub-B60341260,ses-01
sub-B60445516,ses-01
sub-B60463814,ses-01
sub-B60519787,ses-01
sub-B60536906,ses-01
sub-B60635918,ses-01
sub-B60661131,ses-01
sub-B60768575,ses-01
sub-B60863522,ses-01
sub-B60864932,ses-01
sub-B60869165,ses-01
sub-B61012557,ses-01
sub-B61037133,ses-01
sub-B61077402,ses-01
sub-B61108742,ses-01
sub-B61120438,ses-01
sub-B61136161,ses-01
sub-B61165151,ses-01
sub-B61195015,ses-01
sub-B61246012,ses-01
sub-B61330672,ses-01
sub-B61400757,ses-01
sub-B61401858,ses-01
sub-B61655574,ses-01
sub-B61893362,ses-01
sub-B62372280,ses-01
sub-B62518066,ses-01
sub-B62621883,ses-01
sub-B62621934,ses-01
sub-B62634933,ses-01
sub-B62734901,ses-01
sub-B62776714,ses-01
sub-B62872054,ses-01
sub-B63018964,ses-01
sub-B63106625,ses-01
sub-B63109495,ses-01
sub-B63119473,ses-01
sub-B63210032,ses-01
sub-B63261140,ses-01
sub-B63442442,ses-01
sub-B63469275,ses-01
sub-B63693427,ses-01
sub-B63768522,ses-01
sub-B63775497,ses-01
sub-B63969700,ses-01
sub-B64169883,ses-01
sub-B64184197,ses-01
sub-B64204712,ses-01
sub-B64257004,ses-01
sub-B64261022,ses-01
sub-B64278086,ses-01
sub-B64289110,ses-01
sub-B64318182,ses-01
sub-B64331155,ses-01
sub-B64356242,ses-01
sub-B64585948,ses-01
sub-B64603332,ses-01
sub-B64625226,ses-01
sub-B64678225,ses-01
sub-B64692100,ses-01
sub-B64719279,ses-01
sub-B64760165,ses-01
sub-B64921138,ses-01
sub-B64922956,ses-01
sub-B65188429,ses-01
sub-B65257479,ses-01
sub-B65278081,ses-01
sub-B65281951,ses-01
sub-B65439890,ses-01
sub-B65702961,ses-01
sub-B65739342,ses-01
sub-B65750960,ses-01
sub-B65763346,ses-01
sub-B65801650,ses-01
sub-B65885590,ses-01
sub-B65949352,ses-01
sub-B65964797,ses-01
sub-B66058490,ses-01
sub-B66074804,ses-01
sub-B66086433,ses-01
sub-B66190020,ses-01
sub-B66305585,ses-01
sub-B66381262,ses-01
sub-B66388909,ses-01
sub-B66400482,ses-01
sub-B66411245,ses-01
sub-B66506471,ses-01
sub-B66524160,ses-01
sub-B66582687,ses-01
sub-B66621456,ses-01
sub-B66753297,ses-01
sub-B66765734,ses-01
sub-B66778312,ses-01
sub-B66792406,ses-01
sub-B66799028,ses-01
sub-B66975511,ses-01
sub-B67137672,ses-01
sub-B67342852,ses-01
sub-B67482918,ses-01
sub-B67533576,ses-01
sub-B67607550,ses-01
sub-B67703090,ses-01
sub-B67734350,ses-01
sub-B67783658,ses-01
sub-B67864280,ses-01
sub-B67888249,ses-01
sub-B67921304,ses-01
sub-B68014148,ses-01
sub-B68025092,ses-01
sub-B68058577,ses-01
sub-B68173715,ses-01
sub-B68177272,ses-01
sub-B68277333,ses-01
sub-B68326756,ses-01
sub-B68537770,ses-01
sub-B68798784,ses-01
sub-B68858943,ses-01
sub-B68899348,ses-01
sub-B68970987,ses-01
sub-B69029428,ses-01
sub-B69134905,ses-01
sub-B69161824,ses-01
sub-B69162123,ses-01
sub-B69236508,ses-01
sub-B69343102,ses-01
sub-B69378419,ses-01
sub-B69536584,ses-01
sub-B69546216,ses-01
sub-B69547090,ses-01
sub-B69611774,ses-01
sub-B69622702,ses-01
sub-B69626467,ses-01
sub-B69798677,ses-01
sub-B69848500,ses-01
sub-B69887397,ses-01
sub-B69890108,ses-01
sub-B69959679,ses-01
sub-B70131309,ses-01
sub-B70275737,ses-01
sub-B70325287,ses-01
sub-B70425083,ses-01
sub-B70495397,ses-01
sub-B70652150,ses-01
sub-B70707085,ses-01
sub-B70792224,ses-01
sub-B70892132,ses-01
sub-B70990981,ses-01
sub-B71078804,ses-01
sub-B71247754,ses-01
sub-B71336701,ses-01
sub-B71342152,ses-01
sub-B71380835,ses-01
sub-B71579108,ses-01
sub-B71768930,ses-01
sub-B71818636,ses-01
sub-B72208321,ses-01
sub-B72212448,ses-01
sub-B72215466,ses-01
sub-B72298763,ses-01
sub-B72360219,ses-01
sub-B72414050,ses-01
sub-B72426091,ses-01
sub-B72463414,ses-01
sub-B72827001,ses-01
sub-B72832187,ses-01
sub-B72902992,ses-01
sub-B72909966,ses-01
sub-B72983797,ses-01
sub-B73101651,ses-01
sub-B73297554,ses-01
sub-B73366771,ses-01
sub-B73403296,ses-01
sub-B73460797,ses-01
sub-B73617535,ses-01
sub-B73679596,ses-01
sub-B73762927,ses-01
sub-B73769210,ses-01
sub-B73809446,ses-01
sub-B73900788,ses-01
sub-B74058128,ses-01
sub-B74196765,ses-01
sub-B74309049,ses-01
sub-B74371532,ses-01
sub-B74505086,ses-01
sub-B74590399,ses-01
sub-B74793376,ses-01
sub-B74998312,ses-01
sub-B75239335,ses-01
sub-B75360899,ses-01
sub-B75397080,ses-01
sub-B75526825,ses-01
sub-B75550623,ses-01
sub-B75586465,ses-01
sub-B75764789,ses-01
sub-B75792278,ses-01
sub-B75801959,ses-01
sub-B75956106,ses-01
sub-B76194207,ses-01
sub-B76223607,ses-01
sub-B76425526,ses-01
sub-B76445870,ses-01
sub-B76492315,ses-01
sub-B76564459,ses-01
sub-B76575781,ses-01
sub-B76579045,ses-01
sub-B76579124,ses-01
sub-B76612491,ses-01
sub-B76622237,ses-01
sub-B76631942,ses-01
sub-B76660354,ses-01
sub-B76782693,ses-01
sub-B76809001,ses-01
sub-B76963674,ses-01
sub-B76972523,ses-01
sub-B77362239,ses-01
sub-B77364739,ses-01
sub-B77451666,ses-01
sub-B77529617,ses-01
sub-B77613221,ses-01
sub-B77687646,ses-01
sub-B77710901,ses-01
sub-B77890103,ses-01
sub-B77992958,ses-01
sub-B78041187,ses-01
sub-B78077581,ses-01
sub-B78146114,ses-01
sub-B78213554,ses-01
sub-B78438882,ses-01
sub-B78601300,ses-01
sub-B78657980,ses-01
sub-B78674038,ses-01
sub-B78695800,ses-01
sub-B78703865,ses-01
sub-B78728203,ses-01
sub-B78839984,ses-01
sub-B78873702,ses-01
sub-B78926003,ses-01
sub-B78997731,ses-01
sub-B79109115,ses-01
sub-B79146003,ses-01
sub-B79446371,ses-01
sub-B79571533,ses-01
sub-B79576967,ses-01
sub-B79633554,ses-01
sub-B79636502,ses-01
sub-B79744717,ses-01
sub-B79745584,ses-01
sub-B79823694,ses-01
sub-B79862696,ses-01
sub-B79876303,ses-01
sub-B79956320,ses-01
sub-B80019021,ses-01
sub-B80134040,ses-01
sub-B80186889,ses-01
sub-B80454215,ses-01
sub-B80463083,ses-01
sub-B80467260,ses-01
sub-B80557526,ses-01
sub-B80606944,ses-01
sub-B80678892,ses-01
sub-B80769374,ses-01
sub-B80798394,ses-01
sub-B80989191,ses-01
sub-B81128808,ses-01
sub-B81276892,ses-01
sub-B81304505,ses-01
sub-B81374339,ses-01
sub-B81411554,ses-01
sub-B81461586,ses-01
sub-B81662895,ses-01
sub-B81680901,ses-01
sub-B81744073,ses-01
sub-B81874403,ses-01
sub-B81952469,ses-01
sub-B81994621,ses-01
sub-B82098340,ses-01
sub-B82222717,ses-01
sub-B82237422,ses-01
sub-B82405874,ses-01
sub-B82476301,ses-01
sub-B82562864,ses-01
sub-B82585049,ses-01
sub-B82586646,ses-01
sub-B82628089,ses-01
sub-B82652828,ses-01
sub-B82709812,ses-01
sub-B82729541,ses-01
sub-B82827829,ses-01
sub-B82836859,ses-01
sub-B82866748,ses-01
sub-B82871790,ses-01
sub-B82908913,ses-01
sub-B82912034,ses-01
sub-B82966948,ses-01
sub-B82993749,ses-01
sub-B83164940,ses-01
sub-B83351589,ses-01
sub-B83377023,ses-01
sub-B83640288,ses-01
sub-B83701482,ses-01
sub-B83753640,ses-01
sub-B83782489,ses-01
sub-B83907004,ses-01
sub-B84032469,ses-01
sub-B84153377,ses-01
sub-B84178908,ses-01
sub-B84237755,ses-01
sub-B84247356,ses-01
sub-B84261617,ses-01
sub-B84442768,ses-01
sub-B84472971,ses-01
sub-B84498026,ses-01
sub-B84500877,ses-01
sub-B84537548,ses-01
sub-B84540511,ses-01
sub-B84599065,ses-01
sub-B84718933,ses-01
sub-B84764431,ses-01
sub-B84790803,ses-01
sub-B84794909,ses-01
sub-B84797864,ses-01
sub-B84868299,ses-01
sub-B84890193,ses-01
sub-B84897807,ses-01
sub-B85056233,ses-01
sub-B85125111,ses-01
sub-B85148140,ses-01
sub-B85172358,ses-01
sub-B85202869,ses-01
sub-B85609282,ses-01
sub-B85622479,ses-01
sub-B85666112,ses-01
sub-B85711125,ses-01
sub-B85737780,ses-01
sub-B85841286,ses-01
sub-B85876120,ses-01
sub-B85877142,ses-01
sub-B85931695,ses-01
sub-B86064379,ses-01
sub-B86108297,ses-01
sub-B86156361,ses-01
sub-B86248441,ses-01
sub-B86310886,ses-01
sub-B86392419,ses-01
sub-B86398573,ses-01
sub-B86436206,ses-01
sub-B86535733,ses-01
sub-B86763369,ses-01
sub-B86838929,ses-01
sub-B86858034,ses-01
sub-B86861409,ses-01
sub-B86873466,ses-01
sub-B86889545,ses-01
sub-B86909695,ses-01
sub-B86976128,ses-01
sub-B87025699,ses-01
sub-B87066623,ses-01
sub-B87089463,ses-01
sub-B87253661,ses-01
sub-B87327992,ses-01
sub-B87444651,ses-01
sub-B87467726,ses-01
sub-B87540417,ses-01
sub-B87570217,ses-01
sub-B87588572,ses-01
sub-B87602199,ses-01
sub-B87647614,ses-01
sub-B87656190,ses-01
sub-B87676339,ses-01
sub-B87696058,ses-01
sub-B87719693,ses-01
sub-B87724350,ses-01
sub-B87753246,ses-01
sub-B87879018,ses-01
sub-B88136813,ses-01
sub-B88223771,ses-01
sub-B88237690,ses-01
sub-B88289153,ses-01
sub-B88308442,ses-01
sub-B88384135,ses-01
sub-B88441280,ses-01
sub-B88474832,ses-01
sub-B88540102,ses-01
sub-B88592971,ses-01
sub-B88645734,ses-01
sub-B88745856,ses-01
sub-B88791367,ses-01
sub-B88814313,ses-01
sub-B88945518,ses-01
sub-B88993575,ses-01
sub-B89077986,ses-01
sub-B89217991,ses-01
sub-B89285582,ses-01
sub-B89319327,ses-01
sub-B89493033,ses-01
sub-B89669581,ses-01
sub-B89678980,ses-01
sub-B89783590,ses-01
sub-B89936861,ses-01
sub-B89982072,ses-01
sub-B90011929,ses-01
sub-B90139097,ses-01
sub-B90139370,ses-01
sub-B90200362,ses-01
sub-B90214452,ses-01
sub-B90217981,ses-01
sub-B90236665,ses-01
sub-B90283452,ses-01
sub-B90364418,ses-01
sub-B90395301,ses-01
sub-B90626023,ses-01
sub-B90636312,ses-01
sub-B90645629,ses-01
sub-B90670444,ses-01
sub-B90712114,ses-01
sub-B90833728,ses-01
sub-B90924030,ses-01
sub-B91152167,ses-01
sub-B91218846,ses-01
sub-B91253859,ses-01
sub-B91277044,ses-01
sub-B91284684,ses-01
sub-B91291682,ses-01
sub-B91361234,ses-01
sub-B91433195,ses-01
sub-B91451196,ses-01
sub-B91480946,ses-01
sub-B91557113,ses-01
sub-B91578343,ses-01
sub-B91788082,ses-01
sub-B91810089,ses-01
sub-B91838069,ses-01
sub-B91975876,ses-01
sub-B92003241,ses-01
sub-B92046053,ses-01
sub-B92314486,ses-01
sub-B92372599,ses-01
sub-B92432934,ses-01
sub-B92485577,ses-01
sub-B92511216,ses-01
sub-B92598087,ses-01
sub-B92626625,ses-01
sub-B92672537,ses-01
sub-B92705113,ses-01
sub-B92727968,ses-01
sub-B92764595,ses-01
sub-B92900046,ses-01
sub-B92963195,ses-01
sub-B92982435,ses-01
sub-B92984193,ses-01
sub-B93484307,ses-01
sub-B93783717,ses-01
sub-B93791102,ses-01
sub-B93794716,ses-01
sub-B93940761,ses-01
sub-B94165820,ses-01
sub-B94220847,ses-01
sub-B94221824,ses-01
sub-B94256574,ses-01
sub-B94325240,ses-01
sub-B94391989,ses-01
sub-B94434104,ses-01
sub-B94479365,ses-01
sub-B94500102,ses-01
sub-B94651090,ses-01
sub-B94743328,ses-01
sub-B94753454,ses-01
sub-B94824657,ses-01
sub-B94897753,ses-01
sub-B94932454,ses-01
sub-B94966060,ses-01
sub-B94985155,ses-01
sub-B95002479,ses-01
sub-B95025358,ses-01
sub-B95045692,ses-01
sub-B95159987,ses-01
sub-B95188762,ses-01
sub-B95259384,ses-01
sub-B95271359,ses-01
sub-B95278309,ses-01
sub-B95301054,ses-01
sub-B95324692,ses-01
sub-B95479521,ses-01
sub-B95556581,ses-01
sub-B95580364,ses-01
sub-B95592052,ses-01
sub-B95600345,ses-01
sub-B95609246,ses-01
sub-B95696349,ses-01
sub-B95701328,ses-01
sub-B95769124,ses-01
sub-B95796942,ses-01
sub-B95904941,ses-01
sub-B95982478,ses-01
sub-B96035114,ses-01
sub-B96040846,ses-01
sub-B96210715,ses-01
sub-B96263378,ses-01
sub-B96307687,ses-01
sub-B96456491,ses-01
sub-B96468165,ses-01
sub-B96473494,ses-01
sub-B96508698,ses-01
sub-B96518851,ses-01
sub-B96526743,ses-01
sub-B96690951,ses-01
sub-B96720897,ses-01
sub-B96772958,ses-01
sub-B96825997,ses-01
sub-B96962266,ses-01
sub-B96974088,ses-01
sub-B97027314,ses-01
sub-B97039175,ses-01
sub-B97074992,ses-01
sub-B97091451,ses-01
sub-B97185169,ses-01
sub-B97301237,ses-01
sub-B97447276,ses-01
sub-B97641152,ses-01
sub-B97643973,ses-01
sub-B97776267,ses-01
sub-B97841288,ses-01
sub-B97911508,ses-01
sub-B98032541,ses-01
sub-B98064548,ses-01
sub-B98071536,ses-01
sub-B98082816,ses-01
sub-B98111942,ses-01
sub-B98112442,ses-01
sub-B98129561,ses-01
sub-B98148706,ses-01
sub-B98313661,ses-01
sub-B98321858,ses-01
sub-B98330330,ses-01
sub-B98381244,ses-01
sub-B98382754,ses-01
sub-B98423273,ses-01
sub-B98434133,ses-01
sub-B98449321,ses-01
sub-B98488143,ses-01
sub-B98528074,ses-01
sub-B98612086,ses-01
sub-B98656600,ses-01
sub-B98808842,ses-01
sub-B98855879,ses-01
sub-B98861352,ses-01
sub-B98935086,ses-01
sub-B98995035,ses-01
sub-B99000023,ses-01
sub-B99002747,ses-01
sub-B99033399,ses-01
sub-B99050833,ses-01
sub-B99081217,ses-01
sub-B99213482,ses-01
sub-B99227777,ses-01
sub-B99241315,ses-01
sub-B99288936,ses-01
sub-B99341534,ses-01
sub-B99364614,ses-01
sub-B99512441,ses-01
sub-B99525373,ses-01
sub-B99529556,ses-01
sub-B99619170,ses-01
sub-B99649691,ses-01
sub-B99696480,ses-01
sub-B99711873,ses-01
sub-B99860801,ses-01
sub-B99870985,ses-01
